default,income,balance,age,employment_years,credit_score
0,57.450712295168486,2479.5488056102013,47,26,673.7172044824797
0,47.92603548243223,2147.2435780389383,48,34,517.7911922143057
0,59.715328071510385,1541.741258944122,55,20,691.2082635486593
0,72.84544784612038,1047.1442556060983,28,24,616.694569500507
0,46.48769937914996,1988.756319529513,52,27,763.4313542960635
0,46.487945645762295,1775.4397697952247,25,14,663.7893967553615
0,73.68819223261087,2126.6352540194125,20,3,736.5707703039637
0,61.51152093729363,1944.6202611773788,31,28,746.6209387948576
0,42.95788421097572,2234.6869007235346,30,8,744.996394607973
0,58.13840065378947,1125.3353519076024,62,26,646.0155954222508
0,43.04873460781307,2422.175845944028,49,25,645.2479905367206
0,43.01405369644615,1638.3197232846796,51,18,666.501602042701
0,53.629434073490515,2952.682610837686,62,27,718.1742425227355
0,21.300796330133032,1017.5685273373025,36,16,649.3582838147503
0,24.126232512304508,2715.1746622156743,55,19,672.8442515845851
0,41.56568706138541,1638.5375484238534,33,39,696.415628980367
0,34.80753319498364,1044.0073974698862,19,38,625.706484437128
0,54.71370998892911,1161.2799161619748,57,22,621.9135027002529
0,36.37963886718184,1275.756884263976,34,31,670.5041671157605
0,28.815444479970626,1796.9161624813414,72,32,678.4507288970985
0,71.98473153382331,1865.9848416248497,51,4,706.0331288000986
0,46.61335549270196,1098.4099972429947,59,33,720.3131944970934
0,51.012923070318855,1482.951785417312,33,39,614.0562307657011
0,28.628777206798148,2999.5892510283047,55,10,631.2749040833861
0,41.834259132122256,2709.280219070498,19,2,621.7548627462139
0,51.663838845647994,1805.4265687718225,19,32,764.7468440954852
0,32.73509633866546,1526.6024347177402,43,10,672.7837645878478
0,55.63547027518508,1584.0219287027828,30,15,680.9677577147013
0,40.99041965121793,1929.4625809112918,73,17,683.4664618408108
0,45.62459375310085,784.0452043611161,64,29,637.0597991769416
0,40.97440081655905,1319.8364238036584,48,9,773.8561711367619
0,77.78417276763406,331.99114828568736,51,17,704.6615992891237
0,49.79754162893099,1779.4561858236955,56,37,682.3754317866769
0,34.13433606566149,1953.0371577919186,20,18,613.684614730966
0,62.338173681547836,1161.7694763904383,25,35,610.2840505006253
0,31.687345250434667,2601.790734303023,40,12,661.4655481036539
0,53.132953925071334,641.9640358983611,31,2,638.0004923856902
0,20.604948141803366,474.93758385312594,73,9,615.9533392672068
0,30.077209266523543,1657.1162729919804,72,37,657.7425188257067
0,52.952918538036855,2232.968811828508,44,0,667.0143183034467
0,61.07699869993115,2678.749384020508,71,26,688.5071252276161
0,52.57052421784956,1178.781015991742,46,7,649.7648317175442
0,48.265275764176394,2255.076583401907,56,16,619.5439583203981
0,45.48344456616067,1473.044071349505,70,8,621.6247468405252
0,27.822170144488588,1379.1608900414262,56,5,752.7783637535713
0,39.20233687407937,2118.5619562406705,18,24,604.8945388182955
0,43.09041843560319,1956.6260148893937,34,38,701.7909378974762
0,65.85683339328374,396.5254901110254,58,27,711.1727797864637
0,55.15427434352692,2533.5782448081272,47,32,672.7234714498599
0,23.55439766955899,2466.063947903216,70,36,786.0697435043107
0,54.86125954092192,1062.1061089433294,30,8,710.1031395816619
0,44.22376579375525,1777.0624734061862,38,17,790.574182898279
0,39.84616999541062,1845.8211303979172,36,20,640.9361598851076
0,59.175144332613016,1682.471636076735,70,1,641.9632754063949
0,65.46499283743927,1114.786392308206,36,37,711.6522295208009
0,63.96920178674298,1029.863642443364,74,39,664.3120617608479
0,37.41173715166042,1482.1121503059883,42,35,781.1399254935211
0,45.36181436223178,2320.910313481555,39,36,700.5020230178562
0,54.96895147105346,1880.5201082161027,48,14,617.3255468085971
0,64.63317690683539,1240.569967539726,34,27,575.7910154873584
0,42.81238643232065,2040.1890974538414,72,17,675.3056844594041
0,47.215115350042744,0.0,40,33,674.652612228006
0,33.40497538990958,2304.1359902604727,49,21,698.8259553985033
0,32.05690063878994,282.20035485533026,27,10,752.6414344253542
0,62.18788733591297,1246.2913410178076,27,12,744.7467982396356
0,70.34360042856234,716.2310737616993,53,3,645.2659380598141
0,48.91984817629499,593.7229669953659,25,21,602.3708358917347
0,65.05299346838036,2312.5787511649637,71,6,605.9527318994558
0,55.424540375714514,1172.6091590816761,69,23,635.7918976807173
0,40.323203680923136,1742.552717211501,37,3,657.9961071176589
0,55.42093408262621,1467.1555947845711,49,27,698.30372833791
0,73.07054849698955,1833.928579056185,67,14,631.9419441862412
0,49.46260941335073,1553.7753237421787,31,0,696.8235182667988
0,73.4696548372101,601.9054430680013,67,2,701.7224087515431
0,10.703823438653835,2197.386773612998,45,13,688.6006329557533
0,62.32853756562836,1154.3703917870812,63,37,612.2826201792383
0,51.30570602357257,410.3926709381742,69,0,708.0696035141575
0,45.51488974301199,1200.3193873238613,70,37,804.8761777260033
0,51.37641164803254,2550.5318534440175,41,37,694.7538096147742
0,20.186466280986608,2095.155219479445,32,20,502.81549396092385
0,46.70492168243732,1255.9435059144985,39,28,754.4527743228142
0,55.3566885726762,1255.5196069770998,47,4,637.8351333980368
0,72.16841067112274,1274.8554641478322,21,9,815.9427614297415
0,42.22594672589529,2953.7235884925885,30,27,686.9818070819576
0,37.87259595660218,1767.3548165620873,40,20,578.9179583608504
0,42.47364434623195,1801.0291530337488,25,6,556.1181506024749
0,63.731031765531114,2221.1984178222897,35,2,772.3844457605527
0,54.93126664489527,1667.1524113185594,29,19,746.3542991550363
0,42.05359694349442,1318.6704979255078,72,18,813.5611331460013
0,57.699011496700344,1362.5551056405152,48,34,680.6554691344134
0,51.456163240220604,1449.8791184101553,31,3,676.6082069972192
0,64.52967485799334,1473.9444344431108,51,4,657.0368724704865
0,39.469203591839715,2009.3406805458858,35,0,640.5025855244468
0,45.085067801033475,1536.3621200651096,73,3,656.4542267325311
0,44.118377703017636,2012.8480540509054,51,11,693.0477999394418
0,28.04727577801822,1443.4983939239924,28,26,629.3659527852739
0,54.44180415596864,1555.0446332212634,58,22,579.842639187561
0,53.91582908269834,101.25952082752474,29,24,689.5925980408507
0,50.07670184963691,2141.429372291737,66,20,628.028264078394
0,46.481192999372794,1742.5419331285948,32,23,485.63373650359586
0,28.769438869243785,2198.6070769017565,74,24,713.1540434394207
0,43.69032015851961,0.0,48,31,613.5164577129783
0,44.85928225209846,2961.8622933465094,66,31,719.7073672814441
0,37.96584096167572,1402.2872602913783,46,4,718.2708863909588
0,47.580714325009865,2275.7279717162614,43,35,697.01540069137
0,56.060762852218076,772.0658510121284,35,38,829.8090704213897
0,78.29278851815795,1928.9417335437988,49,15,671.7168890016574
0,52.61866719247759,762.6091057784407,39,32,662.8616259500847
0,53.86325586084146,1063.3617275129363,55,20,721.0203452850151
0,48.883311263507494,2839.8219477067505,34,8,676.6731582731725
0,21.21843177051438,1366.5223194656573,40,5,749.6296122436405
0,49.602291868261744,1652.203011225806,41,34,603.8716455454687
0,50.9034531491154,2109.047411482128,67,38,604.8695331521396
0,86.94863168727929,1846.9773215808232,25,21,725.948569479573
0,47.114585528283165,1605.2932336005035,58,4,610.1113436396838
0,54.523210135004184,1755.4727017263579,23,22,716.5459163865629
0,49.47932345442135,3182.3909096667926,22,16,702.200170772622
0,32.46982943570702,1459.6668420764902,61,11,638.3307028383402
0,67.14234221772531,1640.7693327004772,74,22,702.030209614006
0,61.27899549030161,2235.4580772053287,46,15,605.9244532529457
0,61.865479205645705,2273.868153070589,45,2,620.006004424178
0,36.35918817807892,2330.921213892266,28,29,665.7687356952761
0,71.04191466404149,1947.1111554204292,74,21,684.7356691443332
0,28.972234058115788,699.8965610886615,18,8,661.7816877807286
0,58.80285640700406,2643.4020726107674,60,28,705.9869578323867
0,82.85683438714968,697.5582248869184,36,36,703.3079849028975
0,35.14195512303968,1711.8448256673232,26,22,771.7620085008887
0,41.50553405595842,972.0069049864494,44,12,674.2828791712998
0,51.49477047631462,1455.1031573849052,51,31,751.6738058710478
0,42.44786518825701,1730.1336872124364,61,22,735.2435307736336
0,26.74004853400801,1724.9500508151912,21,16,817.638636997589
0,51.02844462209041,1795.3445279646994,53,39,672.3645188058636
0,34.06544429410843,2629.597888341053,35,20,654.7784767128207
0,57.10388645952772,1817.4740110597859,32,1,755.461653334624
0,36.20863648649295,1329.090355296546,68,36,703.1259543044757
0,73.24901607526309,2174.86101780185,30,5,756.899553007034
0,38.251200614956446,2332.629342247248,36,17,723.00792787937
0,45.16907725691487,640.6745294041053,66,29,553.5942745160303
0,62.202758260545046,1918.1800488949007,23,21,702.579306621871
0,31.53703525349067,1990.8209196176288,65,32,698.6729538770894
0,53.41189901906194,1291.7055476480057,73,29,687.9864141478378
0,69.60714131423643,2462.994769318134,29,16,672.065416752597
0,25.88775148158159,1394.9610890772312,68,31,584.4713883323403
0,52.769507877984566,1587.9035174300795,54,13,732.4506150342994
0,53.89824191372635,1378.8497230012913,34,9,702.4261056856096
0,61.72734307665966,1510.9053333070274,40,35,746.1174018438454
0,31.445739336828773,732.6074391733588,43,33,587.6746685434848
0,30.193150803735854,491.96438218399396,46,8,710.4280693727161
0,57.829123484253465,2616.1535442574805,50,27,665.9204397472063
0,54.45477009849779,907.1270561771705,44,10,688.6272805955317
0,53.75739275518815,806.025355380585,42,13,666.6104219491466
0,55.19672314245464,0.0,73,38,712.6164756488078
0,39.79962917632264,1052.7267766173484,72,18,670.2276127405053
0,53.48380545741505,573.8371446147512,27,14,616.8851044966586
0,54.39608709948022,2649.4106120954584,64,27,685.1855251271714
0,39.28472872960448,2206.871962539844,40,23,667.14952777187
0,77.98661766717134,1018.2947583755933,38,7,674.996382732267
0,57.10749381367681,3076.705063741016,38,8,488.73131143759144
0,32.13044754196027,2187.235840894116,60,32,720.9581650141223
0,59.84830412950745,1272.6180315439642,30,32,661.1201829591931
0,35.379774946590175,0.0,54,18,599.110785558904
0,61.806269056136784,3103.6598008135193,50,2,735.3538110108885
0,67.37893368511106,527.2992732654827,41,9,718.1819436651758
0,37.68976522472434,348.2208771301757,61,39,660.3607882235086
0,64.45064193866483,2215.799302406748,28,0,610.8698372287988
0,56.191713904047475,3207.826684437491,34,28,690.6818440807623
0,62.33090239991735,2468.990972957363,21,33,687.3863650752565
0,78.4518947398092,1894.7363840366518,64,12,735.4600569795069
0,46.31917825995694,1916.3280391657001,42,0,653.3758691083706
0,38.693957534637654,2097.3908911462154,47,33,751.6953280918998
0,36.65728355561715,2031.2500128507356,26,28,647.5848197998539
0,37.762845725518424,1696.833996778563,38,12,599.2500929274547
0,48.843474358788434,1572.9407727663133,37,28,612.0630346713631
0,55.117279622249654,1456.1848104703342,36,38,676.2553076518631
0,54.150361989950284,972.2247877933266,36,23,676.069129456476
0,62.40774873554036,1303.5274461932581,29,25,699.6716684450465
0,50.19502837816861,314.9302300632303,54,16,674.5775581328935
0,71.80301115735975,1431.1622612436752,59,6,738.6391109638598
0,46.03014750143066,807.9862249943578,34,12,664.3343540922455
0,90.80253749884429,727.4874779489603,54,4,560.223424107715
0,59.385010216475095,1625.925905807435,71,25,672.7341986920524
0,37.14263665375576,2474.4016004412197,65,2,559.5932787340112
0,33.93661252908332,2142.821624201619,56,6,696.2834588598619
0,57.23708622864778,400.64957746377604,45,38,743.431579939095
0,46.64805822011223,807.2603044007637,58,0,620.8265308230489
0,60.71000741138138,2158.539831591751,52,16,765.1134011835111
0,57.09856436860317,812.2588245231833,64,24,730.5698746837058
0,48.90756631014691,1342.7567950020828,65,2,752.3888093249033
0,37.29809422897392,1885.0364693171864,35,14,691.3738313860779
0,27.277291629712032,822.1588815954553,31,28,620.4340894548908
0,43.302275718994686,1573.762854302172,52,31,726.8489256688482
0,62.84598191485209,566.1821535572569,61,25,642.5239455938996
0,53.21140616195306,1079.0426492341503,58,15,687.0730703662014
0,31.31391831932018,1723.847353899776,24,24,669.7189404317829
0,52.59771388776773,384.90438652783155,58,27,747.4817514078137
0,55.77976069593255,1808.3323165722793,30,8,723.8196203553997
0,36.74213845698301,1486.253540751323,35,0,675.1660521012577
0,52.305876589182915,1886.7429680920034,54,28,562.9035683875908
0,50.87313077669,1656.739893845263,30,21,641.886352008248
0,32.85544553254066,2454.898300981691,53,15,722.253337369065
0,55.36681040522425,1587.6571518535352,48,6,696.806615662795
0,58.41176789552352,1199.4161212123229,19,13,589.8066839352283
0,66.24576864762915,1585.6082521225987,33,28,571.6047216518666
0,65.80703078052355,1880.3086203254716,26,18,691.7305490094474
0,29.334959480643633,1534.202049227993,26,18,616.5765699370535
0,35.93262440127316,1528.4141838427176,55,1,622.3522123497454
0,57.7255290081299,1008.6058185352713,28,14,720.3564637269592
0,57.706789263683135,1035.9693577143362,71,2,752.1343268249404
0,57.72571529459072,518.1763097402145,73,10,634.9578783778221
0,107.79097235982081,2724.7037202308575,39,29,677.3143815432696
0,58.56335766039751,629.2957352261004,50,39,675.5452000409384
0,67.03348460270898,1014.9663615428649,53,17,670.147753718209
0,64.31002645239803,997.1149141015618,62,1,682.435908569378
0,59.77086876958697,2126.4470638611087,40,31,725.3899356704094
0,45.27096133039482,1293.5352251955806,62,7,639.5645391962242
0,61.38453830739901,2373.4194508716137,62,21,588.483347929036
0,38.40762178193643,1028.556563029292,51,5,781.4005960162256
0,46.44772089889987,1695.2959135566614,26,11,745.365315469403
0,42.71954678256345,915.2570627181699,41,39,613.7817277250361
0,51.22811209079484,3001.6043894413715,25,35,688.1379205265572
0,84.71987850010262,668.681106679341,24,14,740.6421298751666
0,21.99102211112378,1716.8744971589192,53,27,724.9426366715624
0,60.2939028556177,1943.643816652469,35,17,707.7207985957571
0,25.809261932155223,1789.6593682160487,20,1,669.7863865044953
0,42.9210220131585,1370.2986387856042,45,12,783.6382355037175
0,66.33425895451049,1409.1255101866018,23,14,693.2515323475676
0,50.96420028643194,1530.6680303853768,61,19,649.1024444407586
0,33.83382833106041,1397.098598860058,61,28,732.2645437307357
0,39.27044436110047,2174.7153817564367,38,28,685.7635185170852
0,60.19396623402014,3047.3661011139457,45,2,700.9878636352173
0,39.04450052424295,1109.7557504945166,57,18,692.1889520954725
0,53.246878843729625,541.1379142946455,71,2,709.8065344260145
0,50.68357759855721,1438.2025661541215,71,13,621.2926247960476
0,40.22599478591275,3305.796536358023,18,39,592.9336167697995
0,82.15916133987989,937.4278024211884,53,3,766.047963394015
0,59.50878533477017,2647.381763810847,38,10,694.9750737073501
0,19.622861200135894,2674.390569853508,60,30,726.2508366445147
0,52.796814721541416,1112.4882308044039,52,31,574.4144467893425
0,40.07320302847418,1898.2881554296928,30,26,744.0009865228701
0,62.78650002194336,2639.8776361899763,74,29,648.710861278654
0,38.11218892350949,1234.610581308759,66,1,631.6269099914573
0,48.278953377996515,1357.4937479283467,71,8,676.1976099420808
0,57.57480918470686,1092.8233602359494,71,27,621.3211873674485
0,62.98632791255182,789.6702885149932,27,30,679.8960981064636
0,31.995553894163358,1045.505718453795,70,33,671.8196991791308
0,44.98248146238578,643.2418132664204,61,14,743.623754314033
0,42.87582033258566,1523.8584277814582,64,24,770.8006701283682
0,40.200061511394324,961.0187382589507,70,35,768.890947570495
0,76.48181360421646,1663.6501382535234,27,7,544.129101236233
0,56.07472566441433,410.8730476574608,63,8,623.8899902094029
0,31.086740684974323,1731.61616255012,30,36,543.5067941706583
0,63.767929205821645,2083.4702731262473,54,38,608.3874635338982
0,81.8323429551895,104.38505019998115,55,31,641.0289073457701
0,65.4869789082672,1761.8395988933005,41,16,704.6336969136166
0,27.2094505106898,2359.3682947313046,19,34,648.8040059304476
0,42.73648890700623,653.2512869161562,39,36,650.4757957430812
0,69.00366723779933,2670.8006707863924,34,18,690.9058809919858
0,39.38495801571829,1793.3133065562315,53,28,577.4414212875313
0,56.657291422193424,1006.4917009691138,31,6,629.6844108221682
0,61.61951080144005,1460.9616456396059,27,27,649.7866024509576
0,36.09604292632876,1890.8288387652055,52,8,667.8558806821194
0,49.107119659073,1553.203773988688,42,27,684.6172394135327
0,10.0,1877.1291947124585,20,5,770.0389873839825
0,34.63418537998565,855.5284848444436,64,28,734.5001696648657
0,46.2114777291026,1618.5525768252546,55,16,633.841398530484
0,31.283252270527257,510.3998521665138,34,15,664.320256432912
0,74.48616955897452,1422.1417570559097,29,22,660.2336517744726
0,28.54787933059051,867.2646509746472,71,30,649.1508490087554
0,43.39933269954524,985.1290401871634,69,2,696.3509495492546
0,51.96110865929137,2365.265222647306,41,20,568.4132268217455
0,71.61909933599173,2263.917084415988,46,25,732.842863280389
0,28.46206773230841,1926.396684635024,60,35,781.6130474429214
0,67.4474562823244,735.3810647291947,42,36,663.809567559691
0,50.1534959152938,1278.5140852136387,53,21,662.6381344929302
0,35.27737023428074,2349.1683899854283,43,11,689.4226548325203
0,56.93155211394906,1599.2018395479333,55,12,741.1631586176126
0,52.98589543360205,3123.530677987186,18,10,660.5423769909654
0,40.99674684261808,1775.3224875760602,37,15,736.0367099661042
0,51.04703127485028,1634.434381543022,72,7,709.3096803471946
0,44.220296047073596,1283.618475058249,45,39,821.6966866402814
0,51.70276017876872,1593.4786333475977,33,39,660.2802790902622
0,59.9319601178157,1393.2711145336193,64,1,561.43997313675
0,73.79025224218029,1995.6760736820133,34,29,594.0236527588692
0,31.432767517597263,2169.691621756209,57,29,680.7156942440095
0,81.995500619844,949.8073776444354,45,11,741.6729256412451
0,20.718683007162472,568.1369325095553,29,9,640.8494515747566
0,47.72322357446625,214.6562388276925,44,10,666.1440530074802
0,58.82475809726865,1855.5939288387806,71,14,721.0905642398945
0,54.21487801602549,727.6433756782885,70,15,622.0860439472925
0,40.659507202691096,0.0,59,16,643.3238360483109
0,46.87816624464087,1772.0050231716748,64,25,609.9363987433844
0,42.604985980117505,3245.0996622029534,47,1,750.6936855729537
0,41.15952864583683,1495.7503619220747,58,11,772.5003687077821
0,62.744031455315366,2086.9435421161493,51,25,585.2351006304164
0,55.35523228947571,1557.2805509832956,54,22,671.4688700607066
0,39.60635607109019,1430.7772427662,23,17,764.4355385038967
0,63.493998131498756,2143.353538091438,24,31,703.9217110173342
0,54.60949281314914,1296.8078190679441,49,37,650.6456460200543
0,62.1929317825844,1687.174619850332,49,2,587.230272823346
0,59.44443262885419,1725.1884643372096,70,37,749.1766731093719
0,37.56507483616892,1032.3366824498657,42,2,701.6309128966699
0,41.597284397045456,2194.429644675566,50,29,591.6208167354947
0,61.20940407684893,1377.5281703132139,72,0,751.3934632324995
0,59.155553981501974,970.9783883550087,24,29,583.9757862945278
0,49.68647609053778,1875.5568904992824,69,31,666.7708307499553
0,51.75991074963173,871.0724127462739,74,27,664.1231177976722
0,69.16497343682637,1519.7268101583898,29,20,777.1028797308701
0,41.12642916746255,1493.6167023490575,33,12,664.3372284871908
0,58.20646071755057,2260.1268960821044,33,26,664.1214388219565
0,46.96711021349159,1832.2887630159669,60,35,598.2152993061384
0,46.73478195159169,1482.4811288783992,70,6,641.5761392564837
0,66.48165277980786,2072.436409440201,53,21,630.9622723471615
0,62.38124523482045,2473.145284312119,30,9,634.0866580397185
0,62.20264454000958,1890.4672144463036,24,38,680.3770714935124
0,69.58218210731494,1507.2468338903664,53,14,533.9494168494444
0,50.31505762449139,581.7146373548883,64,14,589.3861852749861
0,60.22929456942446,754.4204358472392,68,3,673.3388675835707
0,45.34599865109816,1286.3427069517327,26,31,687.2752809862359
0,54.86249528732663,1073.3414584885018,49,22,665.9940320813663
0,48.047854184484734,1369.1200879101877,28,5,677.5523306129023
0,51.45493947489077,1539.654947427975,25,23,655.453003180685
0,58.9273553815537,1870.7849280497117,50,19,678.8897238062202
0,37.726689751497915,1450.6508553586361,40,36,706.048533215733
0,81.3858091352819,1840.5511506783414,42,19,705.6280237212596
0,34.90973927750447,1545.1320903670842,73,11,638.6624953124903
0,31.78717080818402,117.17340355228998,25,32,734.905684374977
0,67.37166310250102,842.465224326872,62,27,689.4265216701991
0,61.87494040944404,1399.1387109948691,39,7,753.9328373803861
0,59.36179725578233,653.2136800112247,21,0,765.9723458760249
0,59.4251826389642,1919.950110997343,57,36,593.4363967176052
0,49.81629840729628,2571.5255826405883,20,21,628.4583476678774
0,36.54118442771252,2353.1332961881217,46,5,728.812882398233
0,51.137068372905894,1350.5899903488544,58,20,580.1064547922631
0,39.842574327318324,2543.508295794966,46,31,765.2106177616024
0,64.62679600126627,1604.067220041478,51,34,659.3670683112402
0,47.79413927746792,1264.0398202173724,51,14,714.501982106541
0,37.61754204811233,1070.618135521342,45,4,673.0165602283535
0,45.1792123752051,1288.27121945831,30,5,596.4566283329788
0,56.193971814134365,1228.27622702114,32,24,743.3326761279185
0,41.54413170794038,1619.2913556628414,40,39,845.0433818322398
0,37.666694066503524,1612.4017867349053,61,28,649.0995034186585
0,53.65530817237868,1502.1322141073902,43,6,660.6584869492855
0,53.674498566630845,1805.856718822445,21,39,521.0540274039764
0,42.39585236943305,2333.452392350439,43,12,761.0901742073672
0,42.93442541572516,2164.6878948089266,57,37,734.7059193705202
0,53.480749060364545,460.5714220850675,26,17,575.9969682767052
0,28.27873487754014,0.0,72,1,556.1068722771868
0,28.888043384351672,2154.0239378674914,22,7,563.0461230100841
0,39.22333668121346,543.1849111092052,73,10,718.7101475223691
0,46.798292724322295,1342.6642186751214,49,32,724.699485176845
0,54.66361348397007,680.9208817584483,37,37,624.5999633378727
0,72.13034325424329,238.6136936939863,67,26,709.9556018829679
0,62.86489434803029,1879.0239097433516,28,19,689.5326272594691
0,47.60092205054859,2031.4086122118529,32,11,657.9638175887469
0,49.71475688145967,1096.4427194912964,49,30,738.211809601118
0,34.96205953043287,0.0,45,26,607.7038639263177
0,49.72230296011415,1117.628886223262,39,31,748.8523528156337
0,45.670120416197925,1774.2628037817826,58,9,636.2887067591388
0,54.84077840507134,464.7619018581099,34,2,786.8922009180227
0,37.59153584671515,1628.3519438454089,43,26,619.681638591112
0,57.79019771361759,1489.2831055789031,61,34,658.9056752839924
0,72.99108369503867,1905.504049720762,24,30,683.5152282525412
0,48.36859777314714,1583.7062578899072,59,14,683.139112869349
0,56.02567583148412,818.8517413829112,74,15,709.4497100370858
0,60.352159875666686,2337.6000511651437,43,12,602.8590549051994
0,43.98169292171246,1389.029298881121,42,34,677.7612555052019
0,53.36138722715625,1480.8868223430477,27,10,688.2879023841632
0,50.18888601172692,846.7124286487627,62,20,648.3357065583124
0,51.465141478232475,1189.7024241659428,36,10,704.2435170475651
0,38.404853242168,880.6381001811693,28,29,599.2178051907331
0,50.36765261388414,1378.9377580536038,30,34,660.412766656959
0,57.46997436868175,2698.1959360996407,70,21,634.80895253578
0,71.76715411692562,539.6691999480505,25,37,660.5941442270589
0,64.3890623912781,370.50702148628125,57,30,766.8221275952721
0,82.29773686267335,2529.819229245526,21,13,767.987343569444
0,38.489786556679256,1353.4734259936938,64,23,756.2249876348732
0,63.08480955081017,1031.6490829380584,48,31,652.2645631951489
0,52.75013008607527,2227.933281177254,45,35,734.4570966080124
0,82.8470439982651,1076.069122184195,28,31,686.7417276155483
0,37.87552571967273,2778.2067994828553,60,14,682.7353822101805
0,37.40417236728836,1974.5481099374883,18,34,675.3583191428498
0,41.009110318339665,1158.4620142980082,66,2,785.5050714427475
0,18.141564135352898,3010.1157492858524,64,15,761.9503163333878
0,42.113674674788584,1075.9995538976632,69,4,724.6937851068259
0,38.61301007669453,2019.4667604065148,55,20,669.7819420693625
0,52.25590679714311,1709.5048062845444,41,9,682.3736454952738
0,55.12633963665739,2411.2189025791586,71,18,711.833996272264
0,78.14256258823829,2593.057837708797,74,24,648.7034652887587
0,64.25635757279075,1522.4029043460366,64,3,736.2989429578703
0,41.346445165063955,972.6074907576716,48,28,624.7252933134256
0,36.52377992977463,1821.9805000573815,58,18,703.5106212798444
0,57.37878757259759,1025.5992411735258,63,1,542.6170670124422
0,30.196501894690368,2909.371073268636,67,9,646.9628884038722
0,77.47188148781531,1595.5747317579162,43,24,804.6606279751666
0,67.69160181081931,1244.274914081524,66,19,742.1714896635146
0,42.962365218429426,1629.2762141054359,67,18,772.1281069960714
0,24.302982063636836,557.0115973292125,22,22,639.961539958737
0,70.3080856124812,819.8701730425439,37,23,686.2263702080262
0,48.28190232121073,2340.2897355610976,69,10,756.9195351856582
0,68.56724467960193,1040.174004720023,58,33,717.9856960823226
0,26.083585118084493,767.1623121226422,28,27,710.5139526414991
0,41.00937465569341,1875.6569267691002,73,4,777.8349182198037
0,50.07865549577275,2329.992908264098,71,4,617.5727020631643
0,50.70470890647113,2003.2673174655467,50,20,668.9457176332699
0,43.249017927811344,2197.2333800640713,67,11,574.7548662398387
0,59.34274898521248,970.2434380013775,55,3,614.2936368838639
0,33.98569355926108,504.7325332807094,44,19,744.4511235307383
0,47.8643077246806,2550.933556368841,51,37,624.9590440284726
0,51.804434475678484,1274.124112810505,32,24,724.1314552475059
0,57.71658251088124,1324.416888481467,49,13,779.5091025180848
0,60.674223171333345,2429.7358992943405,38,10,669.3237095004837
0,33.13036862243196,1889.361006580462,63,31,711.1918063879888
0,26.988287438965667,1819.1214404571253,22,10,724.5987277725752
0,69.16515232847763,3015.501641430759,23,17,606.7102962160061
0,54.98471017969388,1049.5372387338998,55,26,643.0128592819372
0,38.7727019516517,2149.488089656866,39,17,619.7803272996919
0,73.26727963283784,1539.909187427959,35,22,647.7966133950183
0,51.73511951439288,1688.0145952042799,31,10,722.966641884866
0,67.6894577609574,2569.9278984887724,27,20,644.2881961434625
0,51.01277722115164,1855.4850294027367,63,4,677.890806384091
0,80.91121887322981,1876.807255334743,30,22,617.4523029841258
0,76.33011263664807,2250.7551361168616,48,24,753.5853298720222
0,46.2655377728139,1244.5330893199803,47,9,647.2934005865998
0,64.57356426431534,912.5532328626955,20,21,771.3788331145972
0,59.680639243777215,768.6335641852766,47,18,683.6557456309616
0,70.52947336298523,123.5503874367987,23,0,595.5800253222153
0,35.52614809129843,2939.3449909582255,46,6,669.7383952072626
0,60.29077189997659,727.7541439948218,25,3,616.2333903520301
0,65.87636730274382,1345.1224634899595,61,0,715.3609626426892
0,23.618907703653285,1306.2306900777555,62,14,664.318233060388
0,32.25112231001337,1715.1846884663705,60,39,689.7926153016413
0,19.411517333598493,2071.016048777508,61,11,657.8388133972062
0,45.95889748333163,2102.3314418518216,50,21,646.6794617682004
0,60.76313383693943,1091.845793001743,34,21,621.5826794230624
0,72.53535578144042,1383.014800349512,65,16,730.1733762092917
0,51.111421706296625,1697.8059653418097,28,28,669.6108138920181
0,74.42923318356938,1325.916211671517,30,13,661.118546378097
0,29.29847812677663,2625.1419032139947,67,19,668.1071660934704
0,24.44926340967268,1843.6824661467758,28,32,639.2682923908535
0,49.16678451655072,2014.4144502348722,48,14,661.3189143934385
0,55.76098173408961,1964.016888067189,45,11,692.3377888816093
0,49.509578778588605,2321.4317002397274,61,39,617.9517800565941
0,18.98836849940185,1626.7150910925948,23,19,626.6388804152475
0,48.66319940730818,592.2176364309074,58,29,762.6970456173605
0,30.432957492427203,1779.781566226849,33,37,658.2346080320266
0,60.04508823245058,1044.0501743457196,21,2,646.9063514645594
0,55.498973691452726,1129.9683227751702,52,27,599.3677036664435
0,35.90180320508967,1910.4548131285653,65,25,731.0406582484544
0,42.2919962399496,2366.798150003545,73,29,616.6444511893494
0,34.11179717166573,1514.8901037152432,43,12,679.0824403423126
0,49.059813540902425,1716.1831088192746,74,12,577.5088958410046
0,64.32713480751858,2691.5504612446666,29,1,729.090368021847
0,35.21410930496684,1668.5272256419978,28,36,750.6113746171148
0,57.560697732767665,3321.1781799262762,54,37,709.0712207286809
0,42.04613572441339,1895.8567519420808,42,1,587.9311921156822
0,38.10690751606484,267.46606859092753,35,35,730.3257286345538
0,48.394544600681634,2027.3391347731726,36,25,630.3590600215789
0,34.47136516370939,1766.8108694179446,40,10,609.7416872767033
0,41.69526041979227,2402.826927857922,72,7,656.9923372545408
0,32.03183161116728,1971.226945888971,55,39,655.7979395992106
0,79.47087699374583,1403.0808112113584,71,21,649.6970809291827
0,50.52895327957593,642.991234597444,35,19,756.4204548742816
0,39.50411738011122,1353.6837198997823,43,7,800.7095597865576
0,53.20969866101333,904.63568205349,23,28,597.8518077590321
0,48.31507925463755,1093.6335851366941,21,39,638.6700563405245
0,46.685456007001655,1912.0048830944268,61,25,688.5649001626974
0,59.21250050065138,2668.9331530459845,68,29,656.6770105437663
0,61.36261565070958,1776.2700708760867,46,16,703.963924956711
0,42.04248278584209,662.881856575371,51,19,734.9591213567477
0,41.3627263903298,1811.2218677540986,34,15,724.9619565362025
0,45.874224542725344,2337.6420406519555,60,6,716.58401407099
0,15.471182528966224,1073.1519669764325,60,15,779.5457312551833
0,27.272134067021717,1406.1879833289577,70,26,584.6631630250334
0,70.50311401166786,1510.281736310438,33,22,768.8065275172769
0,74.67451570251926,950.571180842432,19,23,655.2205019546154
0,46.264459406654325,1953.7963036907013,51,8,727.1075132405376
0,58.648354445836496,1415.336295974553,72,34,618.2200263032333
0,54.66875231815304,1793.6727107349195,25,19,625.4902164864034
0,96.18321212682856,878.7554755385299,30,36,719.7270374889216
0,66.79362367151865,1193.7791897736126,59,16,564.2761986350092
0,48.0812361277885,2005.66695047944,25,30,739.3665246972987
0,35.666893390993614,1239.016793535763,47,7,755.5978101404953
0,25.90330519613641,2708.8746958633837,49,14,690.6670912297376
0,53.051954538008346,1220.2546700697783,53,30,688.5056621347135
0,38.654738820735446,1657.2793080263202,64,29,629.9818313054928
0,28.666194356034886,2152.813582311163,47,19,720.4669641442201
0,40.301406736362104,507.1439869468778,18,38,700.8599147844456
0,33.77677994578407,267.43383161345696,60,11,624.7096762385706
0,75.30712452608847,432.04057980093376,56,16,656.5112029947085
0,63.224596354241754,2383.8088723990277,34,29,670.4398745182518
0,49.88041038025074,1113.6992978752874,37,28,656.4318682088488
0,72.19916208335039,3290.7394999677763,41,18,598.2253151990014
0,51.16052461471428,1105.026680939828,67,10,721.9412185150337
0,37.08073698007605,1629.185912237926,39,33,665.3893726458863
0,72.84686115904486,2579.476966797513,46,6,680.9218865535986
0,58.08365065526988,2904.265021711386,39,33,645.3040047561544
0,34.441307685103155,2943.0525036454783,61,19,708.5162884383194
0,47.14491982874588,2345.8563614152,26,37,691.9217710628842
0,36.86572619922865,2216.8437680680236,54,23,752.7670633478251
0,29.25800403553496,1914.768864440828,27,9,708.8359227763391
0,63.892663212974625,2044.8527533166464,53,31,667.8389358897733
0,78.64124960705196,1114.1699985700266,54,14,635.6169909498464
0,29.02148639271288,927.260781604385,45,36,731.9571610349988
0,58.444538550358565,1497.6378798123335,45,19,663.0454340728126
0,40.2403614631726,1380.87076423255,59,2,669.6969460042268
0,42.69311924352956,1182.7403654709074,60,36,669.6817036224395
0,41.11409113641696,1987.4712132197008,38,39,655.9035373605723
0,37.04013845480276,2168.7136459993576,41,7,670.7276603462078
0,50.72782441917241,1561.8848204042931,59,39,795.5724537639546
0,37.535748253834434,2534.271056738683,57,22,617.1306767523384
0,54.056852386697585,700.8176201065464,19,39,631.1297473543034
0,49.246428358262946,1364.4383785041973,72,10,763.059465089255
0,46.41577929700385,998.2243755780365,25,7,657.5117369302957
0,36.386545069376034,193.424368048858,65,28,652.9627229555063
0,41.34843004147501,1442.1235199101104,44,29,742.0918314064061
0,61.33086838738634,1414.7767441317014,39,9,594.7882629630949
0,57.51375781436571,2559.4148202694914,54,38,729.2872657552043
0,35.33667132802174,1941.5681791883444,44,27,682.7369857592927
0,51.489984581438385,783.0692229695566,74,35,707.8881278499186
0,61.27080685057683,2797.8647964339316,46,12,706.7618573151276
0,24.958920783179423,2354.723586867747,20,31,642.3210448110417
0,58.15040288569902,1907.4683924280312,61,35,743.0710268089944
0,40.060643615812296,1341.4611308051176,30,36,646.9917373113159
0,58.55898002889739,828.3925342935642,62,25,704.5309411399245
0,38.55111265186225,1239.4552567502628,27,21,754.2634691317481
0,22.926768490032213,2262.1240337929303,53,3,762.7341019907882
0,25.586863431752562,2819.2104141542263,26,30,663.9724198435584
0,50.72127419992073,2580.2704697905324,71,17,707.7881164544606
0,53.89583752582223,1157.805404749608,73,37,658.4306725877829
0,36.43525062343387,716.2677966976921,72,23,830.2277736361265
0,59.57888688166061,1598.6203728378428,44,22,726.8075603524292
0,25.0771990659656,262.09244410600377,51,21,685.0435061502161
0,49.00880302029025,1726.217399929347,68,1,698.7537304074646
0,31.83475700356315,1396.6781895909319,18,30,704.4263249267641
0,40.222458382967616,1173.7744486922304,49,10,706.2046124470089
0,50.71098006974621,383.7078529132432,42,27,665.6001069412066
0,37.09379952074072,1859.5200745988016,46,31,656.3403620458895
0,44.23166683655262,1127.1094122366621,24,4,670.8887982964104
0,65.0943921382166,681.0582150027984,66,37,611.6184976971675
0,41.34662195715277,0.0,20,9,723.0964644184676
0,62.535381680977125,1480.7395664645546,37,39,631.8976974410616
0,33.05439718013573,2740.576117668821,37,23,616.402995260917
0,57.947062668729245,2662.881450183509,70,34,679.138732006151
0,71.6235293098685,1180.0326203896097,47,22,672.1926422186068
0,12.925332498090661,1078.4515577467537,52,16,694.9780685473393
0,38.046571167942844,1828.1419792525166,52,0,645.9076778362154
0,58.6560819077081,801.130192568196,66,30,656.4474465061415
0,46.95431920935511,1711.2543298736261,56,30,721.5271703053095
0,55.56718810056963,2036.2561948692833,44,33,717.8730320297117
0,40.94022219926269,2358.8532567190155,43,8,715.3715027706007
0,51.2988468120935,1429.892146464033,31,21,682.0380567410889
0,47.664841469118805,1357.4283748761238,34,12,690.1353573999365
0,67.5167309248971,885.4121892704072,35,24,693.8263332626302
0,53.816312649518196,921.183752172098,62,17,640.6374956114614
0,55.064039931128036,1341.4647756689312,69,11,768.4427960087661
0,43.82184550816299,1757.1558547713246,46,39,759.895281949262
0,42.6859066389126,2139.5092383632746,37,16,727.6547354600581
0,43.51162718270569,937.7747345237586,70,14,654.4483048159042
0,55.91678213567445,2544.881998271665,44,14,712.348647077009
0,43.68523278769605,1310.2134792702018,35,14,738.7021962661863
0,54.34662285344619,1485.0428939560948,21,38,606.6081858967314
0,81.13101197968157,976.9518245965236,18,12,781.6707057019098
0,63.06687055147539,0.0,67,16,575.6367433306523
0,45.10964701748238,2118.831777452735,18,31,722.2763491825445
0,68.01820883245918,2015.7907279647034,43,8,767.1969383751482
0,43.87886940467673,1303.0707100172506,62,39,673.2161921583781
0,19.428131972332192,1546.8935020574104,37,19,670.9721360106156
0,34.87870533623894,1861.1574523928696,69,25,720.0596475588154
0,21.938121184612164,406.2179001794202,40,26,791.1129135160323
0,44.72729773938037,1129.6631258575935,27,20,663.135941723518
0,50.276275687843274,2055.985275735279,28,17,633.1426884880433
0,75.14655968412924,621.9974037815255,58,12,654.5734726635204
0,54.90391060646244,1705.4905525166405,58,15,586.8491604628268
0,46.71349206786704,550.3927367636164,22,8,733.8654739229094
0,62.441083717752335,1826.5009877034686,18,11,649.1550168371684
0,16.832970364881724,1475.0509623917615,34,37,667.4996507560667
0,53.53421837162849,369.4077288661433,39,18,734.5772678851404
0,61.562977908304504,2315.31754812002,51,6,657.385380535409
0,27.821206313302376,985.7858962413655,73,34,725.5454237233038
0,67.15631064810394,932.8232940899333,62,17,617.7146897710228
0,55.07744611241621,1640.39843806166,58,15,737.5231656994399
0,43.77068129148798,2304.046144600101,46,38,700.5143012759282
0,59.491727991594274,788.9247267151221,21,3,674.6852581508199
0,84.06039286706593,1543.17589489358,22,24,687.8536092766277
0,52.72799382587743,1800.171550231401,28,31,602.7943223208358
0,53.723308794505044,1985.1739250842008,73,39,686.4800446368182
0,43.109586506896335,1623.5090886940577,68,12,671.4998128786037
0,37.25233445802812,1243.0805126416744,38,16,604.4340433737461
0,62.455037248163684,920.6868455458962,52,36,639.7354743856074
0,37.15874261136699,1560.3007181324624,29,5,672.2452845228489
0,51.073493558290885,749.5026916100752,43,18,643.5624689031295
0,42.83513829852325,0.0,68,12,535.273165696975
0,57.18469738619588,1805.5918629103676,36,25,744.583252376532
0,55.00493157930423,2132.754388760337,62,13,671.47460749462
0,65.56309916386849,0.0,24,30,543.5629874458073
0,42.349754017178796,793.1885067030437,64,3,808.0977763807637
0,45.95187597059943,1933.4079827036385,72,38,754.4835398787914
0,35.31854426326539,2940.246828798189,24,7,659.0610769358999
0,43.33560109885833,1514.5555953727855,43,24,629.4501505179979
0,55.65950739567278,990.3979411396059,57,12,704.1914726456313
0,61.35482924968028,1371.972491226612,22,31,692.1396088930485
0,36.167520137335615,2462.4134934037293,38,37,712.5253954880224
0,63.044088801584905,1047.8250746128253,31,37,629.6227836046971
0,70.33456788207427,940.5655953448224,21,27,745.866321258298
0,56.20152354835551,1162.0795344725773,40,29,651.592272609467
0,78.151937188371,832.6699742189013,59,2,720.845944919334
0,38.39316201344641,1585.8692211963569,37,27,632.1836443725786
0,31.330179450328746,2637.274920928692,32,2,838.8886391452093
0,23.31919626643582,1726.1554911812204,67,33,721.7314009379155
0,72.44066467233775,1323.3525485115988,69,15,850.0
0,59.81548484531086,1295.732111759119,62,21,729.6561185795628
0,49.16622993634317,405.76643391234006,46,31,646.312138587879
0,54.1995293947973,2118.1768440030114,25,37,729.7628476153518
0,33.11766429052435,1445.5139620910386,58,7,734.034669091593
0,86.68627969425239,1373.664060486562,65,7,702.3994486698657
0,51.93831772962841,3735.1752974914025,36,5,717.8235483219233
0,51.64092191907339,1709.1270358559805,65,13,725.7036277644605
0,60.88649935848038,973.746264933371,56,31,620.3791393540555
0,57.2151384760507,1201.5496826561198,63,34,616.1084957162028
0,53.35826036418697,2303.9119964377282,45,9,632.346980083134
0,38.142883168320324,1579.2892873764351,63,2,687.6525436622306
0,57.072025357039934,493.2054151778433,74,11,666.6097297115948
0,78.2303674471255,2143.4602542026423,44,30,621.465766044623
0,70.18130069232467,1032.299140122704,21,28,726.5188526311788
0,73.89779939959095,2811.3084433522818,32,4,696.9826892081887
0,42.33176485353222,2256.033646000254,52,24,690.1357394822512
0,35.15592769612129,1186.874673038874,54,30,664.5206416895638
0,48.11319619850528,2396.711453214579,18,20,657.3063138580657
0,50.835873684330416,1547.4988573691824,20,19,629.5201302914614
0,66.41287277706422,2096.941572585554,64,38,736.0244175522403
0,24.61303055427771,1839.3129721061323,41,21,637.7904271008088
0,72.9432547919092,907.5503415063886,44,3,692.563428001569
0,47.629881521315156,1049.5151173777767,57,12,779.720623776322
0,43.5967839507887,2220.9725723068127,53,19,660.064535318639
0,34.81843437109749,1265.6572675254215,51,12,737.6421284431517
0,25.17714992201346,1217.4460757306024,46,16,714.1225409621404
0,62.34755875942872,831.414194455453,41,35,698.6880537956632
0,51.09976950782606,1796.5193459154227,41,32,705.8209065142852
0,30.650586503884192,2943.767443470201,59,0,674.3056058437442
0,30.573818419045757,752.7269600220089,21,14,682.0865581276064
0,44.96322951064808,1516.9536196709307,20,12,647.1131631064566
0,75.0353228793409,2488.5543887908007,51,16,682.4874272680453
0,46.10612972954593,1444.2510261279995,74,23,644.8864402529902
0,27.45285570322841,1816.6602573748137,66,7,740.3393055845959
0,46.313854038710836,756.3245302971842,40,26,578.0301542792934
0,45.90914645378494,1799.814968045354,70,22,708.863197467529
0,10.0,1368.9990144968158,73,7,700.1952020853367
0,49.18557700223282,2190.010996975904,69,7,694.760957850562
0,46.53598204686983,2331.170236095326,40,25,741.4699369319292
0,60.44309547220128,3312.6945494130296,62,12,662.8325845974232
0,77.73434142418017,1905.743221249503,22,38,695.326030674323
0,66.89847544321637,1728.0574216075165,48,36,577.0074867088128
0,45.96666964167754,1636.0690111041351,70,27,655.0809870718866
0,33.40211136887494,1252.7835950325182,58,24,731.3441858705135
0,88.60039704874791,1736.9386904231837,74,15,599.6502958678111
0,50.888276510217324,1293.2190129026794,74,1,689.5846020230447
0,50.20893937869419,1617.92268338873,71,17,639.3489756869722
0,49.638123693349954,2422.318274925572,23,16,673.3407816936959
0,52.971271411517826,795.4202043042512,54,29,642.9393506743041
0,47.834593821140864,2297.914992790332,74,38,605.1682637423942
0,41.39506989679646,2421.980547137906,27,12,703.1601988975881
0,41.79711588139412,1417.3520311062448,57,31,677.0241942785152
0,49.50870094676002,14.70157069398374,24,28,716.7577471812319
0,41.84862843299352,1074.5246090338974,56,29,727.6662744799316
0,39.30731325984253,2407.8961825927763,55,17,753.5155242253409
0,51.596453415378456,1483.9923563907826,38,12,688.0092047265599
0,46.17534173868717,800.4884373935624,37,20,756.1172614761925
0,72.55989482874033,1146.6575551402477,20,29,621.4535295565428
0,10.235452874104823,2088.4340185531873,68,20,734.5375897536878
0,66.37260277883692,1882.7134977409655,39,16,707.5634249796713
0,68.69127788746444,1332.747530581214,64,39,693.9855591508872
0,18.89914651387776,1243.2229117297188,21,18,706.683934049787
0,44.85968608879477,1225.7692956693247,45,14,622.3556672998723
0,44.428387010063126,854.3128708510483,29,8,608.1951914044987
0,28.887324579232683,2630.7629826286093,55,9,782.5896911646199
0,38.33274968613687,1274.3756715520622,68,30,669.8766693081637
0,33.34136231801257,2352.0109645778475,53,22,669.020394691598
0,76.28405665135435,2564.921236345716,64,29,613.8614315455225
0,64.03517589721191,2198.817628703572,58,32,591.0933016701898
0,69.07332642491238,1197.8657810973662,22,8,674.7008672712631
0,60.82508096064853,1782.6110632356267,30,0,659.5047247094764
0,33.06422343174156,1483.0630755263587,40,34,680.1040614045471
0,42.132196005803394,867.4086974889103,67,10,685.2292364229305
0,57.34061841841877,1727.0514972051221,47,33,829.3676648756416
0,31.668082866620818,674.6721461881383,54,15,659.6852011556628
0,60.69497645258582,2331.375571923095,42,8,774.7964064766068
0,46.39511902762798,1174.767891891125,65,31,778.5214529026968
0,44.377687886756036,1640.8117591109876,44,14,725.2174571163191
0,60.664399523052374,1698.3015100822995,68,11,665.8924200470533
0,56.6639496722906,1318.766518407146,31,32,598.3116598320362
0,44.585507512713804,1910.6856610326922,74,13,708.6766326400344
0,67.38994705046372,1167.5674403642329,65,7,741.1287247820567
0,33.78405008600154,2109.908108220071,64,7,784.861247856979
0,59.239034104163956,557.814223827276,71,26,623.0025227451931
0,58.89651886952576,1588.4657056824883,53,11,665.388416648884
0,45.35680341029015,2857.2502993407993,56,0,623.3681245746292
0,54.89199533363177,799.7680727760977,33,39,641.9913204537846
0,31.233296354220457,1025.578520632604,73,10,719.8632520541377
0,63.860405288103514,1859.7354947612405,39,38,639.2417138380558
0,47.22646795335516,1625.7072473577186,38,30,630.5437293609795
0,42.15915469221441,1745.4410694914914,71,16,727.8197518233364
0,65.73513838755333,1842.4309911033645,38,32,707.0443274026128
0,39.43484464185861,1944.305027993239,25,31,701.0006718761105
0,28.873080554546604,2276.7898893693564,66,28,640.8267585080561
0,26.650562397141442,1786.8730598499587,33,20,757.5813966928821
0,59.0901492701846,1331.1196417670203,72,20,680.8694118391875
0,30.793559712555755,1970.801590841912,48,39,822.8114083252862
0,76.32191272976547,2829.917354426651,59,22,689.6699701682027
0,18.771058881744167,1407.1563775321986,27,5,539.9991294891704
0,75.44684552435058,817.829486730551,49,21,537.3274679133879
0,53.16526200803928,2274.956468500881,51,37,717.4369965107281
0,48.549303321944116,1415.7331852324812,26,36,758.0296491398483
0,41.826213697865754,0.0,34,7,632.970312204569
0,55.987041715281066,2093.195174005295,28,34,806.0587263666291
0,49.435479463627274,1125.2702698322541,49,10,779.7799362196462
0,66.54952823024783,1436.6267023870876,27,23,692.6328058064689
0,51.7134147299306,1732.3862313983102,39,20,712.3672365413679
0,52.25452642192816,1633.3497758453464,74,1,733.671813043311
0,44.54581681679216,1996.6162719973277,34,39,793.399693839231
0,49.14581564418399,1195.1595406011097,21,18,720.9281580047349
0,54.61702653338089,1859.174058723258,65,38,691.2758991362689
0,24.347474110150618,1318.317325691258,69,27,720.3380718551989
0,29.777218668414307,2017.1673366212522,64,16,712.2416168869536
0,61.148961410340725,1930.7572388091373,42,5,735.4646112364996
0,52.562981571919124,845.1929085687833,38,18,585.7986024152278
0,47.24024995470981,2260.1874813225227,54,37,698.9512069968473
0,50.2765089959809,1124.8255884201662,55,27,707.6264304547842
0,55.21372558042506,2065.640458796802,66,1,675.6291699768697
0,41.90360479535958,1757.1011193809384,18,37,727.0499866530536
0,38.32542911896531,2786.728573756586,42,36,795.2700572341424
0,52.93767882646522,1343.5738123397034,68,3,688.2930278662665
0,35.32440833577452,1255.4782427172618,53,21,721.5032648424614
0,56.12379133571708,1486.4062758785872,34,25,776.3758856270932
0,24.461245936432395,1287.7741520160073,58,35,689.6938703565113
0,65.43733455988465,2059.959331359435,41,12,626.6922078584714
0,57.08896223619564,368.5825740943885,19,31,716.9467309452755
0,53.840446014708135,762.4223065975522,57,16,547.9000317921154
0,64.74036475918271,752.5379548945648,32,35,542.0979777222392
0,74.98211666693865,2165.215314381503,49,18,699.9807228269755
0,65.21555097527195,2697.4293608073476,56,34,539.301777015088
0,22.386886530025322,1426.88554702377,23,39,601.0899354543085
0,30.806345498964475,1381.8247937669926,18,27,657.1940861893806
0,40.62772133456482,1549.036514179227,64,0,636.7150190152468
0,50.3913657531625,2313.314811825733,40,17,671.1316097871729
0,57.76488530703685,850.8528060665982,56,39,746.7722084461099
0,39.11384280269802,1666.8582879143496,74,32,694.3088486818359
0,52.80150146715617,2182.638340847701,34,11,629.6407758932324
0,38.66925601470016,1850.7659189578917,51,7,761.2664643670565
0,40.82723295512078,1632.7071316191204,58,23,594.2685658073485
0,28.900083547276665,2200.7322647969986,46,15,693.313010526326
0,36.151501308336435,0.0,26,3,587.5948414992977
0,29.724730915754996,1974.5127236716353,30,37,695.1390743438324
0,35.36190120534001,1042.1470218108034,23,26,660.8823557664441
0,65.80462694911759,218.55697220048023,23,8,744.9342746915821
0,35.759016667520854,1857.8418196674866,37,15,723.2413682716538
0,89.48573097256086,2461.5609816140704,69,11,644.7716400805002
0,57.39976851321334,1403.7860397606157,70,30,633.2636215510255
0,52.77254185542311,2167.012183042057,20,23,661.0941960180735
0,37.1246332972818,2628.594780592052,34,13,792.5342876020604
0,60.50464819113487,2420.4401175088333,66,24,777.1441088664849
1,41.36543260643339,2647.975170559975,29,33,621.903908877881
0,51.83014721968042,2019.4892437503245,65,2,728.0135202800809
0,88.40126807403192,1552.8035472311149,64,23,576.114114266164
0,48.559101504130254,378.62393167198206,62,8,653.159452336558
0,67.23909989428513,1327.756258309036,72,25,624.3461388282525
0,39.45235362311169,909.7273832786658,18,19,744.1567674543464
0,49.47517264254557,3019.6599022484697,34,39,602.5569488126953
0,76.56200953453265,1376.8799312973645,20,9,705.7610141253483
0,40.59549413318349,1586.24336474914,43,18,680.0426072939578
0,77.18672836995393,1886.0397632283273,32,2,669.4730702162294
0,60.616279031832136,1530.5217124607177,53,23,780.2949770446638
0,41.56299836158598,2686.5357283015273,49,4,785.5818315400587
0,59.48611608583281,1064.1454467858837,49,2,671.3364308928217
0,64.58831674440094,1636.2252186660698,21,26,659.2450219640003
0,59.327149433257944,980.2705900113663,35,15,589.58760087181
0,26.446629201643155,575.984242145506,66,14,679.7444607656474
0,39.09294236262697,1071.7616363663,36,34,797.1981953447595
0,46.287220466727426,1474.0742420661115,60,11,672.2758796283246
0,48.88349856349931,1199.488442837918,69,25,723.7255569886267
0,59.31008146326017,1015.3053140883007,52,33,596.1501605648441
0,52.66551501399881,515.5777754297163,57,22,653.913504215984
0,29.969834619348482,1441.8260991599136,31,30,707.747918348159
0,55.70296776508945,446.69573817829837,50,19,686.3517438828832
0,59.15878617925735,2032.039174582722,31,11,729.4800400646337
0,58.396856718965594,1557.7078270541524,51,22,643.8396869264802
0,66.21171088331933,479.71395037454863,72,3,575.00068707058
0,62.50883231823356,1283.5536460650956,21,22,747.3254138193362
0,56.88770118842655,973.4905160865918,41,0,623.8310426437455
0,48.94751432812029,1723.4221572934264,46,24,710.396241650119
0,25.08558599726013,2438.315312216201,36,1,707.0514119893049
0,56.44427328698879,187.37927124797875,23,29,580.1748082980805
0,53.115315307446664,1580.518255403192,74,2,742.9475250344016
0,54.0736825579306,1387.9070431033517,50,20,646.0059683282618
0,30.84877136269536,1969.938053515326,66,24,683.3032773192177
0,33.784151893876064,1649.2376397663825,57,19,658.5090461620666
0,65.79729279999356,973.6214677828267,36,21,777.3554901339745
0,49.406672692150174,1276.6622450333673,70,20,760.6094124910437
0,60.22251046058936,942.7819002375577,18,32,571.2599249737567
0,50.42477564195692,2253.2049970190187,22,37,815.5296273144913
0,50.446342092436176,1514.9181540703596,44,14,639.3015960490882
0,64.07425708963997,2830.833480027105,33,14,806.1462006189103
0,42.25932907673939,1457.5374303297654,23,24,664.6274256716009
0,51.44181165411475,1004.115263162676,57,20,659.5449976344839
0,43.06587066942436,440.3999251710211,30,23,665.1603360153307
0,43.482556588515266,237.80222662083838,65,4,655.9526213012306
0,45.36241814797041,391.1048398961573,52,5,831.4637922693933
0,53.33200657450569,1686.9886557080383,36,22,675.4182080407619
0,42.818770675047844,1856.1075162609536,29,3,661.8622140476787
0,68.83634188360281,393.16650857750665,33,26,684.6206454495766
0,36.580890466707444,2126.526819853281,60,17,621.9598881845177
0,47.196925337579614,1161.8572638215924,27,20,775.827232057415
0,43.40403412588738,1602.7551083898845,42,27,591.7351498584121
0,71.704668265306,2628.554439778797,37,34,643.1594835757157
0,52.94832164767362,2127.787521105872,48,21,736.1996185908075
0,65.47766809202952,1312.0285464659173,21,39,682.5411278460459
0,27.71659440444542,876.1654422092988,61,22,712.9529109500028
0,54.00575398803888,0.0,40,2,771.9898470011258
0,63.34446193435156,996.5926765303059,19,39,740.2280928999488
0,51.23425983913136,1352.208832820614,73,9,688.2485807084687
0,65.98220562598027,808.9743309941713,39,24,805.360558991108
0,42.24067324849442,1408.1201230353868,68,7,642.299831072226
0,71.1402116027837,1553.7963180711376,74,10,673.9814215404468
0,84.48347185428875,1342.600812734345,54,4,678.173580109834
0,44.55742159340512,1044.9981934235782,25,36,673.8546940389812
0,43.31746217898842,1618.0582703767093,24,37,615.8473605823303
0,71.80076715676552,1809.3584546985862,31,28,584.9810104903701
0,73.69358218596068,736.7206457900078,73,4,705.0320944627516
0,42.15709959270097,2487.6526658223893,72,8,641.9915728669606
0,43.69719774356214,1430.9883074010168,20,1,794.4685273388768
0,45.773230867092394,1513.1947360613933,67,0,675.6474606058856
0,29.833242334485846,1995.75009627959,33,39,664.9106445505106
0,36.220220802737025,1663.2512918844511,72,29,745.6603871841593
0,34.93788849871898,2167.1956437392714,36,10,704.1315582468633
0,38.483036523438074,1700.986915641277,68,27,669.4689543327771
0,49.47972668919828,1071.2938377516934,35,11,641.5560951341334
0,53.51322098804781,1753.052467644271,69,38,850.0
0,73.25750739221115,699.3916548755368,33,25,701.7071457357043
0,35.024689388918134,1575.9917940435662,25,12,745.0657746430638
0,64.76483597714875,1476.7390065488773,50,7,618.6232687859903
0,46.790167336617365,1354.3181999092221,66,27,645.3208768145795
0,49.25804435521351,1410.0237419927485,29,29,806.7407532974173
0,60.122292382499054,182.70566815165262,70,8,763.8158563613381
0,33.159169676565526,1115.892564581327,28,38,707.457326223997
0,55.736146192760756,1564.9914307987804,22,30,657.1057464921786
0,52.49678312319584,1611.8994743981802,44,20,665.9578536826054
0,57.38676896012224,780.6274013518293,29,33,639.4333558846323
0,54.33752965861727,2385.9954886052906,34,30,610.5890401916815
0,86.82950209866341,893.6776062498494,23,24,735.4306510556609
0,40.43390023623026,2178.6200403687158,50,11,712.3298733675235
0,42.035045674972736,1799.0360533101793,22,0,724.1647289805364
0,40.65289210362853,1047.640883109338,74,21,659.7861207222642
0,41.66784321259618,2742.7176248266587,45,39,695.3383385079898
0,40.439193090402235,664.454217770464,31,36,654.077374101552
0,67.83524796661328,2143.4079215270012,22,0,636.3615162337816
0,71.30756371984782,2200.407622630085,71,0,780.0237461685306
0,41.438805593757856,1030.5658536463486,73,20,687.2904378104446
0,37.51466640343657,2474.72571004503,50,14,710.4472602971924
0,57.07123334579606,1324.967439780733,67,16,730.1452408314501
0,41.716654335785435,1702.0855404959,65,21,688.0424531739815
0,59.493977266332664,1682.2252871398546,58,37,694.4379646415093
0,53.0438453127695,1405.9838809706166,36,34,614.8024893827776
0,27.263838275041522,2067.5657912118477,39,15,626.2330982938049
0,73.21257801995093,2055.442104386549,22,7,623.1311146922932
0,76.93816509643283,276.02761873327336,19,16,716.3275050092321
0,40.80816964273421,2413.038170014707,47,16,684.2534391693239
0,44.18447660096024,336.25560837502803,64,25,626.2381061740647
0,54.287980860873574,2222.78234303916,56,12,714.8059304981124
0,55.01685184980538,2288.6935957793085,21,16,712.6073876572464
0,59.878164090092454,736.3234988493613,50,37,638.3020405220382
0,80.15306808149525,1212.4299984317906,30,16,678.3303473222436
0,47.34579158758926,726.006732059845,37,13,712.8285005036287
0,38.02554133192319,1349.5552787978852,71,5,628.4986787528346
0,29.31021157978209,1284.3760010699812,24,34,713.973605893757
0,39.036049400871214,2045.7623725885378,32,13,698.0614162498136
0,49.503095406893046,2417.216122283726,40,7,620.0480176699384
0,76.91836795276681,2476.9786675529695,31,14,693.1878040998861
0,42.235830514457426,1106.4823813951884,40,26,701.9389151993543
0,53.35681927458348,1353.5446883788306,36,12,642.4399324316721
0,49.753656558908716,321.59326544533474,71,30,647.1629810080275
0,67.82589910172126,935.8909534526679,46,34,619.4948041441286
0,87.90398638810433,2175.39614316822,73,5,653.0600618525664
0,42.03696840619519,2630.9079764837625,37,4,679.2750793737712
0,42.658408362226666,635.9557896840546,46,21,647.3286704783408
0,65.66241315603608,1085.275018592974,41,22,590.9067261053667
0,60.22837234439467,1481.5159701287512,35,24,638.6847185218024
0,77.7006098860405,1696.1128111737248,27,33,654.9624735912798
0,58.75892277988946,933.2775360548477,58,25,729.0103225779351
0,44.610618638194104,1796.842731124863,74,4,715.6858948866159
0,58.85982246038464,1168.3124570503587,25,25,730.1732647325001
0,66.63055370874362,1489.8834103852046,43,19,635.6588661800619
0,62.30723271796046,1882.3989736025896,46,5,688.4930467447606
0,57.609110466609465,1504.4955888676566,27,5,534.617210059908
0,66.00012034383731,1194.529876631402,34,17,705.7352238908593
0,67.5394338566851,1423.2731372519183,19,3,716.6538604340478
0,70.7323848655629,1438.1459285562653,23,16,658.9024899283446
0,59.73064831384464,1240.9922790825105,22,13,697.7257887033069
0,47.493228795247184,1318.8427561330284,45,13,589.1045434777968
0,52.20070529649984,2619.053019353302,58,12,631.9359805760106
0,68.09763449762535,1892.6436135588672,22,6,725.9269543059365
0,37.74596493519146,1293.1637773795878,35,14,710.6751967123745
0,55.53009963309352,1987.868083157515,43,18,655.288729337314
0,44.09991781508959,1266.326357170793,37,34,728.6817390442826
0,50.431172344022265,2321.187246310649,58,16,688.2978870079946
0,69.17677793910948,1758.7495345386658,66,34,649.7467421646704
0,52.86648602029855,1424.88849919704,44,18,669.0303613638024
0,50.69654822234223,1813.4018480671944,66,19,652.6749385213079
0,29.60215788530121,400.3866935520505,29,35,608.9734429508883
0,61.193803490408314,711.2627717631364,24,34,755.4011483541261
0,59.68226271711613,664.2524955206612,20,31,645.9185340024445
0,82.4488208495819,1600.0601663345947,27,39,630.0583571421853
0,45.38332647570499,2712.7604996395644,51,23,588.2391007691984
0,53.287254914959085,3061.9101023348426,42,16,521.8419279446524
0,53.74075525566133,1946.63577100853,52,6,722.0898120871392
0,73.66179919645211,1850.5911324611197,33,0,727.6165212221728
0,48.57056701419572,239.25958609308282,19,34,751.5823150756825
0,54.185322886555085,1120.1283401861847,41,31,671.057641029789
0,59.11844764574809,948.5513736642328,27,35,660.6804483623843
0,52.79913684734537,1065.4066812242188,55,12,649.5366132018115
0,43.30349578174208,1382.2993269906474,39,5,655.0065422097078
0,52.911349893474615,1169.5365956120108,43,13,747.1874210444112
0,66.10447624789659,114.49013273694868,60,36,678.4090850762625
0,34.602270508834096,2023.5371792822737,72,14,702.6842477600842
0,51.99454511220314,749.0798819821355,56,3,653.4795900823758
0,39.4981877759124,1667.4728048778047,44,39,759.2508743732425
0,67.92569943387264,2951.8578688249813,46,15,565.7156672339156
0,27.15219642824338,856.4307858895037,64,27,606.7685495169172
0,41.61617229092617,0.0,55,15,702.7826314540735
0,55.658178125967815,1299.7970446839224,37,3,785.0366450738561
0,73.4828604385151,2270.671744499,44,25,666.4939880144738
0,49.01374608390518,2870.8432179544156,58,27,629.4577516563594
0,41.67200709960203,639.3152838833082,71,31,740.0397623095006
0,78.21735604160885,1847.6894562655652,37,1,699.421906520894
0,28.27979149375634,1174.2826802539626,61,30,757.4128287196546
0,17.017910650698774,1425.836151987105,36,2,602.5789349153395
0,56.60021675079999,3351.040342911924,37,7,752.7001091606555
0,42.46918663471083,447.9207701233927,52,23,587.0925525939037
0,34.681507743039305,1677.6177630462014,64,14,662.709671230708
0,60.6253467094903,1827.3852202358032,19,30,704.7669651694356
0,53.65701070656798,2260.0504274575433,47,8,691.1608026919456
0,41.538820538949075,1568.588207429627,70,38,743.635540158942
0,30.795434019936582,1715.6353776528717,51,1,570.4003989794465
0,63.08685992420217,1225.8460028047461,39,7,688.4604487819422
0,59.753017669379915,1688.3888588715752,20,6,751.9785219670368
0,48.51236204330926,1259.7654071518127,23,38,683.5576536243258
0,77.69955494071499,1935.1003228992356,32,15,611.4596192139978
0,33.94872850510771,1241.2727647694562,44,34,740.4504436895992
0,27.117122436128916,1763.9702757315306,27,29,641.1013837913782
0,39.62137895178133,1479.516030420515,26,9,630.5406192762273
0,49.31620975466753,2288.235175540518,50,37,622.9918548269895
0,53.65009173984038,1464.0243934880596,49,17,668.0788932230622
0,46.38145913215505,258.877272255183,65,4,690.9836132223722
0,55.28083094771445,2383.345050499794,23,28,603.8539967178152
0,31.22690863714334,865.9873893961668,58,38,616.1812473962034
0,71.65646906109889,1042.363562945826,53,33,638.3310274482669
0,48.76773232411147,1083.0370941695555,19,22,622.7006811268016
0,66.75943747382192,2462.1066652195723,46,4,682.2054935929658
0,55.14088019566556,5.028050214913037,21,29,701.6732957840528
0,56.85129828730676,3696.423973561996,18,5,693.4324286159956
0,58.546509203483055,2239.239766346236,36,3,693.5199133248682
0,56.715628400259725,1656.2672398904117,43,28,780.2595029173167
0,59.64084139801316,1461.5741995685996,42,22,705.4210159776293
0,69.93728795198646,1699.8878524003599,27,5,727.0378548733548
0,52.94781754552205,1864.7856998655368,70,31,655.1230550133816
0,60.63505636382769,1951.65091016504,32,17,736.6403685596895
0,48.6539645856916,1888.9231262024139,39,14,652.2588485724007
0,71.6017582317421,1562.7064768786743,68,39,704.6868996553154
0,39.85411546911095,1361.8631057848718,65,31,597.717987909057
0,77.01410649366224,1394.1087014425418,38,8,689.9740479192873
0,49.39763074033485,1363.5642037531234,73,36,621.4771858898398
0,28.538373468229278,2293.639067806945,39,9,736.1621392690345
0,51.92156622366184,1915.4897055966032,53,19,732.552587719927
0,39.78422513787679,0.0,51,5,652.0023567464544
0,62.60965323483086,1959.1305435708327,47,2,802.9744957174723
0,40.210640310464136,1636.3153363031424,42,10,662.8473022283915
0,43.307248501778304,1486.9038704878717,62,16,583.2788659596483
0,21.656889035817034,1228.03708283778,45,31,633.2529217782392
0,43.21540521126385,2286.8789039902094,18,3,617.351538658529
0,13.64181010056565,2163.2685234860005,66,3,702.7761261071753
0,26.24145764771415,958.9856325234737,62,16,605.8782183996528
0,61.40621984216446,1784.9366009871746,21,18,647.6471590516253
0,61.787002379762484,819.8402858210998,24,4,698.8731302322062
0,56.38186342677447,534.2672846477486,66,31,688.3187536827081
0,35.495357853061805,1061.2979427870243,26,21,679.2413712594932
0,49.2843296578703,2103.6754306679313,53,5,687.560031142644
0,49.945961913641476,2167.1875317632607,36,34,657.7699941495407
0,32.624529662111854,1859.1597940681052,18,21,583.7748766600201
0,72.55097452650726,2007.567050793598,27,0,656.1897067553213
0,63.16043435863507,1861.3248009804709,53,19,708.1249870589171
0,46.68553739255504,1050.9628833439333,26,21,671.7839006834357
0,50.40328758491796,1802.3457812717584,62,10,703.4893023878301
0,53.125742119213285,2060.2866676593776,63,12,644.7930182294309
0,19.373976973635642,2028.003930869502,59,2,739.6601647926757
0,46.29233926219105,2332.2393600322503,49,8,526.62092795172
0,39.77023628003302,1995.8126930407448,49,11,688.4864307754012
0,34.975699851576266,1746.013745279108,23,22,760.9328208272767
0,45.78349560671067,2249.105166821499,65,13,769.8619109624877
0,76.96529790274283,1481.435118525658,55,32,666.0904298454515
0,59.61264291900515,882.6877441405975,34,17,600.4281106614269
0,41.432315153258045,1385.8531252393652,27,8,761.9883705406015
0,58.58874172034238,978.5681486354856,67,22,676.8880899916663
